    ,0
0   ,Animation Children's Comedy
1   ,Action Adventure Thriller
2   ,Thriller
3   ,Action Comedy Drama
4   ,Crime Drama Thriller
5   ,Drama
6   ,Drama Sci-Fi
7   ,Children's Comedy Drama
8   ,Drama
9   ,Drama War
10  ,Crime Thriller
11  ,Crime Thriller
12  ,Comedy
13  ,Drama Romance
14  ,Drama
15  ,Comedy Romance
16  ,Action Comedy Crime Horror Thriller
17  ,Drama
18  ,Drama
19  ,Drama Romance
20  ,Action Adventure Comedy Musical Thriller
21  ,Action Drama War
22  ,Drama Thriller
23  ,Action Adventure Crime
24  ,Comedy
25  ,Comedy
26  ,Action
27  ,Action Drama Thriller
28  ,Action Adventure Comedy Crime
29  ,Drama
30  ,Drama Thriller War
31  ,Documentary
32  ,Action Romance Thriller
33  ,Comedy Drama
34  ,Adventure Children's Drama
35  ,Drama Romance
36  ,Drama
37  ,Sci-Fi Thriller
38  ,Action Crime Sci-Fi
39  ,Comedy
40  ,Comedy
41  ,Comedy
42  ,Drama Thriller
43  ,Drama Thriller
44  ,Comedy Drama
45  ,Drama
46  ,Comedy Drama
47  ,Documentary
48  ,Comedy Romance
49  ,Action Adventure Romance Sci-Fi War
50  ,Drama Romance War Western
51  ,Drama
52  ,Action Thriller
53  ,Action Drama Thriller
54  ,Crime Drama Romance Thriller
55  ,Crime Drama
56  ,Drama
57  ,Drama
58  ,Drama
59  ,Drama
60  ,Drama
61  ,Action Adventure Sci-Fi
62  ,Children's Comedy
63  ,Drama
64  ,Comedy Drama
65  ,Comedy Romance
66  ,Comedy
67  ,Action Romance Thriller
68  ,Comedy Romance War
69  ,Comedy Romance
70  ,Animation Children's Musical
71  ,Comedy Crime Fantasy
72  ,Action Comedy Western
73  ,Action Comedy Drama
74  ,Documentary
75  ,Crime Drama
76  ,Drama Thriller
77  ,Adventure Children's Drama
78  ,Action Thriller
79  ,Action Comedy War
80  ,Comedy Romance
81  ,Action Adventure Sci-Fi
82  ,Comedy Romance
83  ,Horror Sci-Fi
84  ,Comedy
85  ,Drama
86  ,Drama
87  ,Comedy Romance
88  ,Film-Noir Sci-Fi
89  ,Comedy Romance Thriller
90  ,Children's Comedy Musical
91  ,Action Crime Romance
92  ,Comedy Drama
93  ,Children's Comedy
94  ,Animation Children's Comedy Musical
95  ,Action Sci-Fi Thriller
96  ,Adventure Drama Western
97  ,Drama Thriller
98  ,Animation Children's Musical
99  ,Crime Drama Thriller
100 ,Action Adventure Animation Horror Sci-Fi
101 ,Animation Children's
102 ,Animation Children's Musical
103 ,Comedy
104 ,Comedy
105 ,Drama Thriller
106 ,Drama
107 ,Comedy
108 ,Comedy Sci-Fi
109 ,Action Adventure Comedy War
110 ,Comedy Romance
111 ,Adventure Children's
112 ,Drama
113 ,Animation
114 ,Documentary
115 ,Comedy
116 ,Action Adventure Thriller
117 ,Action Adventure Thriller
118 ,Documentary
119 ,Comedy Crime
120 ,Action Sci-Fi War
121 ,Comedy
122 ,Comedy Horror
123 ,Drama Mystery
124 ,Drama Romance
125 ,Drama
126 ,Action Crime Drama
127 ,Action Thriller
128 ,Crime Drama Romance Thriller
129 ,Crime
130 ,Drama Romance
131 ,Adventure Children's Drama Musical
132 ,Drama Romance War
133 ,Drama
134 ,Drama Mystery Sci-Fi Thriller
135 ,Drama
136 ,Drama
137 ,Children's Comedy
138 ,Children's Comedy
139 ,Adventure Children's
140 ,Adventure Children's Fantasy Sci-Fi
141 ,Adventure Children's Musical
142 ,Musical
143 ,Action Thriller
144 ,Action Sci-Fi Thriller
145 ,Drama
146 ,Action Thriller
147 ,Action Adventure
148 ,Drama
149 ,Comedy Drama
150 ,Adventure Children's Comedy
151 ,Comedy Sci-Fi
152 ,Comedy
153 ,Comedy
154 ,Musical Romance
155 ,Crime Thriller
156 ,Drama War
157 ,Comedy
158 ,Mystery Thriller
159 ,Drama
160 ,Action Romance
161 ,Drama
162 ,Comedy
163 ,Action Adventure Sci-Fi Thriller
164 ,Drama
165 ,Drama
166 ,Comedy
167 ,Comedy
168 ,Animation Comedy
169 ,Comedy Drama Romance
170 ,Comedy Sci-Fi
171 ,Action Adventure Drama Romance Sci-Fi War
172 ,Action Adventure Comedy Romance
173 ,Action Adventure
174 ,Sci-Fi
175 ,Action Sci-Fi Thriller War
176 ,Action Western
177 ,Drama
178 ,Sci-Fi
179 ,Drama War
180 ,Action Adventure Romance Sci-Fi War
181 ,Crime Drama
182 ,Action Horror Sci-Fi Thriller
183 ,Action Adventure Comedy Horror Sci-Fi
184 ,Horror Romance Thriller
185 ,Action Comedy Musical
186 ,Action Crime Drama
187 ,Action Drama War
188 ,Animation Comedy
189 ,Drama War
190 ,Drama Mystery
191 ,Drama
192 ,Drama
193 ,Comedy Crime
194 ,Action Sci-Fi Thriller
195 ,Drama
196 ,Drama Romance
197 ,Thriller
198 ,Drama War
199 ,Horror
200 ,Action Adventure Comedy Horror
201 ,Comedy Romance
202 ,Western
203 ,Comedy Sci-Fi
204 ,Drama War
205 ,Adventure Animation Sci-Fi Thriller
206 ,Action Drama Romance
207 ,Comedy Horror
208 ,Comedy Drama Musical
209 ,Action Adventure
210 ,Comedy War
211 ,Drama
212 ,Drama Romance
213 ,Drama Musical War
214 ,Drama
215 ,Comedy Romance
216 ,Horror Romance
217 ,Thriller
218 ,Horror
219 ,Comedy Romance
220 ,Drama
221 ,Action Adventure Sci-Fi
222 ,Drama Thriller
223 ,Drama
224 ,Children's Comedy
225 ,Action Thriller
226 ,Action Adventure Sci-Fi
227 ,Action Adventure Sci-Fi
228 ,Action Adventure Sci-Fi
229 ,Action Adventure Sci-Fi
230 ,Action Adventure Comedy Crime
231 ,Action Comedy Western
232 ,Action
233 ,Action Horror
234 ,Action Comedy Sci-Fi War
235 ,Comedy Drama
236 ,Drama Romance
237 ,Comedy
238 ,Crime Drama Sci-Fi
239 ,Animation Comedy
240 ,Action Romance War
241 ,Comedy
242 ,Children's Comedy
243 ,Action Drama Thriller
244 ,Action Drama Thriller War
245 ,Drama Romance
246 ,Action Adventure Children's
247 ,Comedy Crime
248 ,Comedy
249 ,Action Sci-Fi
250 ,Comedy
251 ,Action Adventure Sci-Fi Thriller
252 ,Drama Romance
253 ,Action Adventure Crime
254 ,Comedy Romance
255 ,Comedy Romance
256 ,Action Adventure Comedy Sci-Fi
257 ,Drama Sci-Fi
258 ,Children's Comedy
259 ,Action Mystery Sci-Fi Thriller
260 ,Children's Comedy
261 ,Drama
262 ,Action
263 ,Sci-Fi Thriller
264 ,Action Thriller
265 ,Action Adventure
266 ,unknown
267 ,Drama Romance
268 ,Comedy
269 ,Drama Sci-Fi Thriller
270 ,Action Adventure Sci-Fi War
271 ,Drama
272 ,Action Crime Thriller
273 ,Comedy Romance
274 ,Drama Romance
275 ,Drama Romance
276 ,Drama
277 ,Drama Romance
278 ,Drama
279 ,Drama Romance
280 ,Action Thriller
281 ,Drama
282 ,Drama Romance
283 ,Comedy Romance
284 ,Drama
285 ,Drama Romance War
286 ,Drama
287 ,Horror Thriller
288 ,Drama Musical
289 ,Comedy
290 ,Mystery Thriller
291 ,Drama
292 ,Crime Drama
293 ,Comedy
294 ,Action Thriller
295 ,Drama
296 ,Drama
297 ,Action Sci-Fi Thriller
298 ,Crime Drama Film-Noir
299 ,Action Thriller
300 ,Comedy
301 ,Crime Film-Noir Mystery Thriller
302 ,Drama
303 ,Adventure Children's
304 ,Drama
305 ,Drama Romance
306 ,Crime Horror Mystery Thriller
307 ,Children's Drama Fantasy
308 ,Crime
309 ,Drama
310 ,Drama Romance Thriller
311 ,Comedy Crime Drama Mystery
312 ,Action Drama Romance
313 ,Action Children's
314 ,Drama Thriller
315 ,Comedy Drama
316 ,Drama
317 ,Drama War
318 ,Comedy Musical Romance
319 ,Documentary
320 ,Comedy
321 ,Mystery Thriller
322 ,Action Thriller
323 ,Mystery
324 ,Drama Thriller
325 ,Action Drama War
326 ,Crime Drama Mystery
327 ,Action Mystery Romance Thriller
328 ,Crime Drama Thriller
329 ,Drama
330 ,Adventure Thriller
331 ,Crime Drama Thriller
332 ,Mystery Thriller
333 ,Action Crime Mystery
334 ,Comedy
335 ,Crime Thriller
336 ,Comedy Drama Thriller
337 ,Comedy
338 ,Action Drama
339 ,Drama
340 ,Comedy
341 ,Comedy Mystery
342 ,Action Horror Sci-Fi
343 ,Drama
344 ,Comedy Drama
345 ,Crime Drama
346 ,Comedy Drama
347 ,Crime Drama Thriller
348 ,Action Thriller
349 ,Action Mystery Thriller
350 ,Horror
351 ,Comedy Musical
352 ,Action Horror Sci-Fi
353 ,Comedy Romance
354 ,Adventure Sci-Fi Thriller
355 ,Drama Mystery Thriller
356 ,Drama
357 ,Action Adventure Sci-Fi Thriller
358 ,Thriller
359 ,Documentary
360 ,Crime Thriller
361 ,Action Comedy Musical
362 ,Action
363 ,Comedy
364 ,Drama
365 ,Drama
366 ,Comedy
367 ,Comedy
368 ,Comedy
369 ,Drama Thriller
370 ,Drama Romance
371 ,Comedy
372 ,Action Adventure Sci-Fi
373 ,Action Children's
374 ,Drama
375 ,Comedy
376 ,Children's Comedy
377 ,Drama
378 ,Horror
379 ,Action Adventure Sci-Fi
380 ,Comedy Romance
381 ,Comedy Drama
382 ,Children's Comedy
383 ,Comedy
384 ,Action Adventure Comedy Romance
385 ,Comedy
386 ,Drama
387 ,Action Comedy
388 ,Adventure Children's
389 ,Comedy
390 ,Action Comedy
391 ,Drama
392 ,Comedy
393 ,Comedy Mystery Romance
394 ,Comedy
395 ,Comedy Crime Horror
396 ,Action
397 ,Action Adventure Children's Sci-Fi
398 ,Action Adventure Comedy
399 ,Children's Comedy
400 ,Comedy
401 ,Comedy Romance Thriller
402 ,Action Adventure Crime Drama
403 ,Animation Children's
404 ,Action Adventure Mystery
405 ,Horror Thriller
406 ,Comedy
407 ,Animation Comedy Thriller
408 ,Comedy Drama
409 ,Comedy
410 ,Comedy Fantasy Romance Sci-Fi
411 ,Comedy
412 ,Horror
413 ,Comedy
414 ,Children's Comedy Western
415 ,Children's Drama
416 ,Children's Drama
417 ,Animation Children's Musical
418 ,Children's Comedy Musical
419 ,Animation Children's Musical
420 ,Drama Romance
421 ,Animation Children's Comedy
422 ,Children's Drama Fantasy Sci-Fi
423 ,Horror
424 ,Comedy
425 ,Action Animation Children's Sci-Fi Thriller War
426 ,Drama
427 ,Comedy
428 ,Drama Sci-Fi
429 ,Comedy War
430 ,Action Adventure
431 ,Animation Children's Musical
432 ,Comedy
433 ,Sci-Fi
434 ,Action Comedy Western
435 ,Horror
436 ,Horror
437 ,Horror
438 ,Horror
439 ,Horror
440 ,Horror
441 ,Horror
442 ,Horror
443 ,Horror Sci-Fi
444 ,Horror
445 ,Horror
446 ,Horror
447 ,Horror
448 ,Action Adventure Sci-Fi
449 ,Action Adventure Sci-Fi
450 ,Comedy Musical Romance
451 ,Action Horror
452 ,Action Horror
453 ,Drama
454 ,Action
455 ,Action Comedy
456 ,Adventure Children's Drama
457 ,Drama
458 ,Drama
459 ,Drama
460 ,Drama
461 ,Drama Romance
462 ,Adventure
463 ,Drama
464 ,Adventure Children's Romance
465 ,Thriller
466 ,Drama
467 ,Drama
468 ,Drama
469 ,Western
470 ,Drama War
471 ,Action Adventure Fantasy
472 ,Animation Children's Musical
473 ,Sci-Fi War
474 ,Drama
475 ,Comedy
476 ,Children's Comedy
477 ,Comedy Romance
478 ,Mystery Thriller
479 ,Comedy Thriller
480 ,Comedy Drama
481 ,Comedy Crime
482 ,Drama Romance War
483 ,Film-Noir Mystery
484 ,Musical Romance
485 ,Comedy Romance
486 ,Comedy Romance
487 ,Film-Noir
488 ,Film-Noir Romance Thriller
489 ,Comedy Romance Thriller
490 ,Action Adventure
491 ,Drama
492 ,Mystery
493 ,Comedy
494 ,Adventure Comedy
495 ,Drama
496 ,Comedy
497 ,Action Adventure Romance War
498 ,Drama
499 ,Adventure Children's
500 ,Animation Children's Musical
501 ,Comedy War
502 ,Drama
503 ,Crime Drama
504 ,Mystery Thriller
505 ,Drama
506 ,Drama
507 ,Drama
508 ,Drama
509 ,Action Drama Western
510 ,Adventure War
511 ,Comedy Drama Romance
512 ,Mystery Thriller
513 ,Comedy Romance
514 ,Action Drama War
515 ,Comedy
516 ,Comedy Drama Romance
517 ,Drama
518 ,Adventure
519 ,Adventure War
520 ,Drama War
521 ,Comedy Drama
522 ,Comedy Drama
523 ,Comedy
524 ,Film-Noir Mystery
525 ,Action Adventure Drama
526 ,Drama
527 ,Drama War
528 ,Drama
529 ,Adventure
530 ,Drama Romance
531 ,Romance
532 ,Mystery
533 ,Drama
534 ,Comedy Romance
535 ,Drama
536 ,Drama
537 ,Animation Children's Musical
538 ,Children's Comedy
539 ,Action
540 ,Action Adventure
541 ,Animation Children's Musical Romance
542 ,Drama Musical
543 ,Crime Drama Romance
544 ,Comedy Romance
545 ,Action Thriller
546 ,Crime
547 ,Children's Fantasy
548 ,Drama Romance War
549 ,Action Thriller
550 ,Horror
551 ,Sci-Fi
552 ,Drama Romance
553 ,Action Adventure
554 ,Drama
555 ,Western
556 ,Drama Musical
557 ,Drama Fantasy Thriller
558 ,Drama Horror
559 ,Adventure Children's Comedy Fantasy Romance Sci-Fi
560 ,Drama Horror
561 ,Action Adventure Western
562 ,Horror
563 ,Comedy Horror
564 ,Horror Thriller
565 ,Action Adventure Thriller
566 ,Horror
567 ,Action Romance Thriller
568 ,Drama Horror
569 ,Western
570 ,Comedy Thriller
571 ,Action Thriller
572 ,Horror Sci-Fi Thriller
573 ,Mystery Romance Thriller
574 ,Comedy Western
575 ,Action Adventure Crime
576 ,Comedy Sci-Fi
577 ,Action Sci-Fi
578 ,Comedy
579 ,Comedy Romance
580 ,Drama Thriller
581 ,Drama Romance
582 ,Crime Thriller
583 ,Children's Drama
584 ,Comedy
585 ,Action
586 ,Drama Mystery
587 ,Animation Children's Musical
588 ,Western
589 ,Action Horror Sci-Fi
590 ,Drama Thriller
591 ,Mystery Thriller
592 ,War
593 ,Drama Romance
594 ,Thriller
595 ,Animation Children's Musical
596 ,Action Thriller
597 ,Comedy Drama
598 ,Action
599 ,Children's
600 ,Adventure War
601 ,Musical Romance
602 ,Mystery Thriller
603 ,Comedy
604 ,Musical
605 ,Drama
606 ,Romance Thriller
607 ,Mystery Romance Thriller
608 ,Comedy
609 ,Musical
610 ,Crime Film-Noir Mystery
611 ,Drama
612 ,Comedy
613 ,Drama
614 ,Thriller
615 ,Horror Sci-Fi
616 ,Drama
617 ,Drama
618 ,Drama Thriller
619 ,Drama
620 ,Western
621 ,Adventure Children's
622 ,Children's Comedy
623 ,Animation Children's Musical
624 ,Animation Children's
625 ,Children's Drama
626 ,Drama
627 ,Crime Drama
628 ,Comedy Musical
629 ,Comedy Musical
630 ,Action Drama Romance War
631 ,Drama
632 ,Drama
633 ,Documentary
634 ,Horror
635 ,Action Adventure Sci-Fi Thriller
636 ,Comedy Horror
637 ,Drama
638 ,Drama
639 ,Drama
640 ,Drama War
641 ,Crime Drama Film-Noir
642 ,Drama Romance
643 ,Documentary
644 ,Documentary
645 ,Western
646 ,Drama War
647 ,Comedy Romance
648 ,Crime Drama Thriller
649 ,Drama
650 ,Action Drama War
651 ,Comedy Drama
652 ,Crime Film-Noir Thriller
653 ,Film-Noir Mystery Thriller
654 ,Adventure Comedy Drama
655 ,Crime Film-Noir Thriller
656 ,Film-Noir Thriller
657 ,Drama
658 ,Comedy Mystery Thriller
659 ,Drama
660 ,Western
661 ,Drama Romance
662 ,Comedy
663 ,Drama
664 ,Action Horror Sci-Fi Thriller
665 ,Horror
666 ,Horror
667 ,Action Horror
668 ,Horror
669 ,Horror Sci-Fi Thriller
670 ,Horror
671 ,Horror
672 ,Film-Noir Thriller
673 ,Horror
674 ,Horror
675 ,Drama
676 ,Documentary
677 ,Drama Thriller
678 ,Action Adventure
679 ,Action Adventure
680 ,Horror
681 ,Horror Mystery Thriller
682 ,Comedy
683 ,Action Thriller
684 ,Action Thriller
685 ,Action Drama
686 ,Comedy War
687 ,Comedy
688 ,Action Thriller
689 ,Drama War
690 ,Film-Noir Sci-Fi Thriller
691 ,Comedy Drama Romance
692 ,Drama
693 ,Romance
694 ,Comedy Drama
695 ,Drama Thriller
696 ,Drama
697 ,Drama
698 ,Drama
699 ,Comedy
700 ,Documentary
701 ,Comedy Romance
702 ,Drama
703 ,Drama Romance
704 ,Musical Romance
705 ,Horror
706 ,Drama
707 ,Drama
708 ,Comedy Romance
709 ,Comedy
710 ,Drama
711 ,Comedy Drama
712 ,Drama
713 ,Drama Romance
714 ,Comedy Drama
715 ,Drama Romance
716 ,Drama Thriller
717 ,Comedy
718 ,Comedy War
719 ,Action Adventure Drama Romance
720 ,Comedy
721 ,Comedy
722 ,Comedy Drama
723 ,Drama Romance
724 ,Comedy
725 ,Children's Drama
726 ,Drama Romance
727 ,Comedy Sci-Fi
728 ,Drama
729 ,Drama Romance
730 ,Comedy Drama Romance
731 ,Comedy Romance
732 ,Drama Romance
733 ,Comedy
734 ,Drama
735 ,Drama Romance
736 ,Comedy Drama
737 ,Comedy Romance
738 ,Comedy Romance
739 ,Drama Romance
740 ,Drama Thriller
741 ,Drama Thriller
742 ,Action Thriller
743 ,Drama War
744 ,Comedy
745 ,Comedy
746 ,Comedy Romance
747 ,Action Romance Thriller
748 ,Comedy Romance
749 ,Drama
750 ,Action Romance Thriller
751 ,Action Thriller
752 ,Drama
753 ,Crime Thriller
754 ,Action Adventure Children's Fantasy Sci-Fi
755 ,Comedy
756 ,Documentary
757 ,Sci-Fi Thriller
758 ,Action
759 ,Sci-Fi
760 ,Action Thriller
761 ,Drama
762 ,Comedy
763 ,Comedy Romance
764 ,Comedy Romance
765 ,Documentary
766 ,Horror
767 ,Adventure Children's
768 ,Action Adventure Mystery Sci-Fi
769 ,Crime Film-Noir Mystery Thriller
770 ,Action Sci-Fi Thriller
771 ,Drama
772 ,Thriller
773 ,Horror
774 ,Comedy Drama Romance
775 ,Drama
776 ,Horror
777 ,Comedy Drama Romance
778 ,Action
779 ,Comedy
780 ,Comedy Romance
781 ,Drama
782 ,Comedy Romance
783 ,Drama Horror
784 ,Comedy Romance
785 ,Comedy Romance
786 ,Comedy Drama
787 ,Horror Thriller
788 ,Comedy Drama
789 ,Comedy
790 ,Children's
791 ,Comedy
792 ,Comedy
793 ,Drama Romance
794 ,Children's Comedy
795 ,Comedy Romance
796 ,Action Sci-Fi
797 ,Action
798 ,Drama
799 ,Horror Thriller
800 ,Comedy
801 ,Action Adventure Crime Thriller
802 ,Action Drama War
803 ,Comedy
804 ,Comedy Mystery
805 ,Action Crime Drama
806 ,Drama
807 ,Action Drama
808 ,Action Drama Mystery
809 ,Action
810 ,Documentary
811 ,Adventure Children's
812 ,Documentary
813 ,Documentary
814 ,Drama Romance
815 ,Horror
816 ,Drama
817 ,Comedy
818 ,Comedy
819 ,Adventure Animation Children's Comedy Fantasy
820 ,Comedy Romance
821 ,Drama
822 ,Crime Film-Noir Thriller
823 ,Comedy
824 ,Action Sci-Fi Thriller
825 ,Adventure
826 ,Action Adventure Thriller
827 ,Adventure Children's
828 ,Action Adventure
829 ,Action Mystery Thriller
830 ,Action Adventure Sci-Fi Thriller
831 ,Children's Drama Fantasy
832 ,Action
833 ,Horror Thriller
834 ,Comedy Musical Romance
835 ,Comedy Romance
836 ,Drama
837 ,Action
838 ,Horror Thriller
839 ,Action Drama Western
840 ,Action Thriller
841 ,Children's Comedy Drama
842 ,Children's Comedy
843 ,Crime
844 ,Comedy
845 ,Drama Romance
846 ,Documentary Drama
847 ,Film-Noir Thriller
848 ,Action Romance
849 ,Documentary
850 ,Drama
851 ,Drama Thriller
852 ,Comedy Horror
853 ,Comedy Horror
854 ,Action Drama Mystery Romance Thriller
855 ,Comedy Drama
856 ,Documentary
857 ,Horror
858 ,Comedy Horror
859 ,Horror Thriller
860 ,Horror
861 ,Adventure Children's Comedy
862 ,Drama
863 ,Comedy
864 ,Drama
865 ,Comedy Romance
866 ,Drama
867 ,Drama
868 ,Comedy Romance
869 ,Romance
870 ,Comedy
871 ,Romance
872 ,Comedy Romance
873 ,Drama
874 ,Drama Romance
875 ,Action Comedy
876 ,Adventure Romance
877 ,Children's Comedy Mystery
878 ,Action Thriller War
879 ,Drama
880 ,Action Comedy
881 ,Drama
882 ,Drama
883 ,Documentary
884 ,Horror
885 ,Romance Thriller
886 ,Drama
887 ,Drama
888 ,Romance
889 ,Action Adventure
890 ,Drama War
891 ,Children's Comedy Fantasy
892 ,Comedy
893 ,Children's Comedy
894 ,Horror Thriller
895 ,Drama
896 ,Action Adventure Sci-Fi
897 ,Drama
898 ,Drama
899 ,Drama
900 ,Comedy
901 ,Comedy Crime Mystery Thriller
902 ,Drama Romance
903 ,Comedy Drama
904 ,Drama Romance
905 ,Drama Romance
906 ,Comedy
907 ,Comedy
908 ,Drama
909 ,Drama
910 ,Crime Drama
911 ,Action Thriller
912 ,Comedy
913 ,Crime Drama Mystery Thriller
914 ,Drama
915 ,Action Sci-Fi Thriller
916 ,Action Drama Thriller
917 ,Romance
918 ,Adventure Sci-Fi
919 ,Drama
920 ,Drama Romance
921 ,Western
922 ,Drama
923 ,Adventure Drama
924 ,Sci-Fi Thriller
925 ,Comedy
926 ,Drama
927 ,Drama Horror
928 ,Children's Comedy
929 ,Action Adventure Thriller
930 ,Sci-Fi Thriller
931 ,Children's Comedy
932 ,Drama
933 ,Drama
934 ,Drama War
935 ,Comedy Drama Romance
936 ,Drama
937 ,Comedy Romance
938 ,Drama Thriller
939 ,Comedy
940 ,Comedy Drama
941 ,Drama
942 ,Thriller
943 ,Comedy Drama War
944 ,Comedy Mystery Romance Thriller
945 ,Animation Children's
946 ,Adventure Romance
947 ,Comedy Romance
948 ,Drama Romance
949 ,Drama
950 ,Adventure Children's Fantasy
951 ,Comedy
952 ,Comedy Drama
953 ,Documentary
954 ,Drama Romance
955 ,Drama
956 ,Comedy
957 ,Drama
958 ,Comedy
959 ,Drama
960 ,Drama
961 ,Drama
962 ,Drama Thriller
963 ,Comedy Drama
964 ,Comedy Musical
965 ,Romance
966 ,Drama
967 ,Musical
968 ,Animation Children's
969 ,Comedy
970 ,Comedy War
971 ,Drama
972 ,Documentary
973 ,Drama Thriller
974 ,Thriller
975 ,Action Sci-Fi Thriller
976 ,Action
977 ,Mystery Thriller
978 ,Drama Thriller
979 ,Drama
980 ,Drama
981 ,Action Adventure Thriller
982 ,Thriller
983 ,Thriller
984 ,Drama
985 ,Thriller
986 ,Thriller
987 ,Comedy Romance
988 ,Animation Children's Musical
989 ,Drama Romance
990 ,Crime
991 ,Comedy Thriller
992 ,Adventure Animation Children's Comedy Musical
993 ,Drama
994 ,Comedy
995 ,Children's Comedy
996 ,Comedy
997 ,Comedy
998 ,Comedy
999 ,Comedy Western
1000,Comedy
1001,Comedy
1002,Children's Comedy Mystery
1003,Drama Western
1004,Drama
1005,Drama Sci-Fi
1006,Comedy
1007,Drama
1008,Drama
1009,Drama
1010,Crime
1011,Comedy Drama
1012,Action Adventure Thriller
1013,Comedy
1014,Children's Drama
1015,Action Adventure Thriller
1016,Drama
1017,Drama
1018,Action Thriller
1019,Mystery Thriller
1020,Drama
1021,Documentary
1022,Comedy
1023,Romance
1024,Action Drama Thriller
1025,Comedy Drama
1026,Action
1027,Comedy Romance
1028,Comedy
1029,Comedy
1030,Adventure Children's
1031,Children's Comedy
1032,Adventure Children's
1033,Action Adventure
1034,Comedy
1035,Comedy Fantasy
1036,Comedy Musical Romance
1037,Thriller
1038,Drama
1039,Comedy Romance
1040,Comedy Romance
1041,Mystery Thriller
1042,Comedy
1043,Comedy Drama
1044,Drama
1045,Thriller
1046,Comedy
1047,Comedy Romance
1048,Comedy
1049,Drama Romance
1050,Comedy
1051,Comedy Horror
1052,Drama
1053,Comedy
1054,Drama
1055,Horror
1056,Comedy
1057,Adventure Drama
1058,Comedy
1059,Adventure Children's
1060,Comedy Drama
1061,Drama
1062,Children's Drama
1063,Crime Film-Noir
1064,Documentary War
1065,Animation Children's
1066,Comedy
1067,Drama
1068,Crime Drama Thriller
1069,Comedy
1070,Comedy
1071,Comedy Romance
1072,Thriller
1073,Comedy Drama
1074,Drama
1075,Action Adventure Animation Children's Fantasy
1076,Thriller
1077,Animation Children's
1078,Comedy Musical
1079,Comedy
1080,Crime
1081,Drama
1082,Crime Thriller
1083,Documentary
1084,Drama Romance
1085,Drama
1086,Action
1087,Action
1088,Action Romance Thriller
1089,Thriller
1090,Adventure Animation Children's Musical
1091,Comedy
1092,Comedy
1093,Comedy
1094,Comedy
1095,Romance
1096,Drama
1097,Comedy
1098,Drama
1099,Comedy Drama Romance
1100,Drama Mystery
1101,Comedy Romance
1102,Comedy Drama
1103,Comedy Crime Drama
1104,Action Adventure Thriller
1105,Crime Drama
1106,Drama
1107,Drama
1108,Drama Thriller
1109,Action Comedy Musical Sci-Fi
1110,Drama
1111,Drama
1112,Drama
1113,Comedy
1114,Comedy Drama Romance
1115,Adventure
1116,Drama
1117,Comedy
1118,Drama Romance
1119,Comedy
1120,Drama Musical
1121,Crime Drama
1122,Drama
1123,Romance War
1124,Thriller
1125,Adventure Drama
1126,Drama
1127,Documentary
1128,Drama Mystery Romance
1129,Documentary
1130,Thriller
1131,Drama Romance
1132,Adventure Children's Fantasy
1133,Drama
1134,Drama Musical
1135,Drama
1136,Drama Romance
1137,Action Comedy Crime Drama
1138,Action Crime Thriller
1139,Comedy
1140,Documentary
1141,Documentary
1142,Crime Thriller
1143,Drama
1144,Drama
1145,Drama
1146,Drama
1147,Drama
1148,Drama
1149,Drama
1150,Crime
1151,Romance War
1152,Drama Musical
1153,Sci-Fi
1154,Comedy Romance
1155,Crime Drama
1156,Horror
1157,Drama
1158,Mystery Sci-Fi
1159,Drama Romance
1160,Action Drama
1161,Comedy
1162,Drama
1163,Children's
1164,Comedy Drama
1165,Comedy
1166,Comedy
1167,Drama
1168,Drama
1169,Comedy Drama
1170,Drama
1171,Comedy
1172,Drama Romance
1173,Drama Thriller
1174,Romance
1175,Drama War
1176,Comedy
1177,Comedy
1178,Comedy
1179,Action Comedy
1180,Action Comedy
1181,Comedy
1182,Action Comedy
1183,Documentary
1184,Comedy War
1185,Comedy Drama
1186,Crime
1187,Action Comedy Western
1188,Drama
1189,Comedy Romance
1190,Crime Drama
1191,Drama
1192,Drama
1193,Crime Drama
1194,Drama
1195,Drama
1196,Comedy Drama
1197,Crime Thriller
1198,Comedy Horror
1199,Children's Drama
1200,Documentary
1201,Comedy
1202,Comedy Musical Romance
1203,Comedy Drama War
1204,Drama
1205,Comedy
1206,Thriller
1207,Crime Drama Thriller
1208,Comedy
1209,Sci-Fi Thriller
1210,Drama Romance
1211,Drama Mystery Romance
1212,Crime Drama Thriller
1213,Drama
1214,Action Sci-Fi
1215,Romance
1216,Thriller
1217,Comedy
1218,Animation Children's Comedy Romance
1219,Drama
1220,Drama
1221,Action
1222,Drama
1223,Drama
1224,Comedy
1225,Crime Drama
1226,Drama
1227,Action
1228,Drama Thriller
1229,Comedy
1230,Action Drama
1231,Documentary
1232,Drama
1233,Comedy
1234,Crime
1235,Drama
1236,Comedy Drama
1237,Drama
1238,Action Adventure Romance
1239,Animation Sci-Fi
1240,Comedy Drama
1241,Comedy
1242,Horror
1243,Action
1244,Crime
1245,Comedy
1246,Western
1247,Thriller
1248,Comedy
1249,Action
1250,Comedy
1251,Drama
1252,Thriller
1253,Comedy
1254,Drama
1255,Drama
1256,Drama
1257,Comedy Romance
1258,Comedy Romance
1259,Drama
1260,Drama
1261,Romance
1262,Drama
1263,Drama
1264,Drama
1265,Drama
1266,Drama
1267,Drama
1268,Comedy Romance
1269,Comedy
1270,Comedy
1271,Comedy Drama
1272,Drama Thriller
1273,Sci-Fi Thriller
1274,Thriller
1275,Drama
1276,Action Crime
1277,Drama Musical
1278,Adventure Children's
1279,Crime
1280,Drama
1281,Drama
1282,Comedy
1283,Drama Mystery
1284,Drama
1285,Comedy Musical Romance
1286,Comedy
1287,Comedy
1288,Romance
1289,Drama Romance
1290,Comedy
1291,Children's Fantasy
1292,Adventure Children's Fantasy Sci-Fi
1293,Documentary
1294,Comedy Drama
1295,Comedy Drama
1296,Drama Romance
1297,Comedy Musical
1298,Drama Romance
1299,Drama Romance
1300,Comedy
1301,Comedy
1302,Action
1303,Action Crime
1304,Comedy
1305,Drama
1306,Documentary
1307,Comedy Drama
1308,Drama
1309,Drama
1310,Comedy Drama
1311,Comedy Drama
1312,Film-Noir Mystery Thriller
1313,Action Adventure Thriller
1314,Drama Romance
1315,Drama
1316,Drama
1317,Documentary
1318,Drama
1319,Drama
1320,Comedy
1321,Comedy
1322,Drama
1323,Drama Thriller
1324,Drama
1325,Drama
1326,Drama
1327,Drama
1328,Drama
1329,Drama
1330,Documentary
1331,Drama
1332,Comedy Drama
1333,Drama
1334,Drama
1335,Children's Comedy Fantasy
1336,Comedy
1337,Drama
1338,Comedy Drama
1339,Romance
1340,Drama
1341,Drama
1342,Drama
1343,Drama
1344,Drama
1345,Drama
1346,Drama
1347,Drama
1348,Comedy
1349,Drama
1350,Comedy
1351,Drama
1352,Romance
1353,Drama
1354,Drama
1355,Comedy
1356,Romance War
1357,Action
1358,Drama
1359,Comedy
1360,Comedy
1361,Action
1362,Documentary
1363,Action
1364,Action Drama
1365,Documentary Drama
1366,Animation
1367,Drama
1368,Drama
1369,Drama Thriller
1370,Comedy Horror
1371,Action
1372,unknown
1373,Comedy
1374,Drama
1375,Comedy
1376,Comedy Romance
1377,Documentary
1378,Romance
1379,Drama
1380,Drama
1381,Drama
1382,Adventure Children's
1383,Drama
1384,Comedy Romance
1385,Sci-Fi
1386,Romance
1387,Drama
1388,Drama
1389,Crime
1390,Drama
1391,Drama
1392,Action Thriller
1393,Romance
1394,Drama
1395,Drama
1396,Drama
1397,Drama
1398,Thriller
1399,Drama Romance
1400,Drama
1401,Drama
1402,Comedy Drama
1403,Comedy
1404,Drama
1405,Drama Romance
1406,Action
1407,Comedy
1408,Animation Children's
1409,Drama
1410,Adventure Sci-Fi
1411,Animation Children's
1412,Action
1413,Action
1414,Action Children's
1415,Action Sci-Fi
1416,Drama
1417,Drama
1418,Action Sci-Fi
1419,Comedy
1420,Drama
1421,Film-Noir Thriller
1422,Drama War
1423,Comedy Drama Romance
1424,Comedy Drama
1425,Comedy Drama
1426,Drama
1427,Comedy
1428,Drama Romance
1429,Drama
1430,Thriller
1431,Drama
1432,Action Drama
1433,Romance
1434,Comedy
1435,Drama Romance
1436,Comedy
1437,Drama
1438,Crime Drama
1439,Drama
1440,Drama Romance
1441,Drama
1442,Drama
1443,Children's Comedy Mystery
1444,Drama
1445,Comedy
1446,Drama
1447,Drama
1448,Drama
1449,Adventure Romance
1450,Thriller
1451,Comedy Mystery
1452,Crime Drama
1453,Western
1454,Western
1455,Comedy Drama
1456,Comedy Drama
1457,Comedy Musical Romance
1458,Musical
1459,Comedy Drama
1460,Comedy
1461,Crime Drama Romance
1462,Comedy
1463,Drama
1464,Comedy Drama
1465,Drama
1466,Drama
1467,Drama
1468,Adventure Children's
1469,Animation Children's
1470,Thriller
1471,Comedy Sci-Fi
1472,Children's Drama
1473,Comedy Romance
1474,Comedy Drama
1475,Film-Noir
1476,Horror Thriller
1477,Action Crime Drama
1478,Comedy
1479,Adventure Children's Comedy
1480,Drama
1481,Documentary
1482,Action Drama Romance
1483,Action Comedy
1484,Drama Romance War
1485,Drama
1486,Comedy Romance
1487,Drama
1488,Comedy
1489,Comedy
1490,Action Drama Thriller
1491,Comedy
1492,Romance
1493,Comedy
1494,Drama
1495,Comedy Crime
1496,Documentary
1497,Comedy
1498,Comedy
1499,Comedy
1500,War
1501,Comedy Romance
1502,Adventure Children's
1503,Comedy
1504,Crime Drama
1505,Drama
1506,Comedy
1507,Drama Thriller
1508,Comedy
1509,Crime
1510,Comedy
1511,Drama
1512,Comedy
1513,Drama
1514,Adventure Romance
1515,Drama
1516,Drama
1517,Drama
1518,Crime Drama
1519,Horror
1520,Comedy Romance
1521,Thriller
1522,Action Adventure
1523,Drama
1524,Comedy Romance
1525,Drama Romance Thriller
1526,Comedy
1527,Drama
1528,War
1529,Drama
1530,Adventure Children's
1531,Drama
1532,Drama
1533,Comedy Crime
1534,Drama
1535,Drama
1536,Comedy
1537,Drama
1538,Drama
1539,Adventure Children's
1540,Drama
1541,Drama
1542,Drama
1543,Comedy
1544,Drama Romance
1545,Drama
1546,Documentary
1547,Action Thriller
1548,Thriller
1549,Comedy
1550,Drama
1551,Action
1552,Mystery Thriller
1553,Drama
1554,Adventure Children's
1555,Action Drama Thriller
1556,Comedy Drama
1557,Drama
1558,Action Drama Thriller
1559,Crime
1560,Documentary Drama
1561,Documentary
1562,Romance
1563,Drama
1564,Drama
1565,Drama
1566,Comedy
1567,Comedy Romance
1568,Comedy Drama
1569,Comedy
1570,Drama
1571,Drama
1572,Horror
1573,War
1574,Drama
1575,Fantasy
1576,Drama
1577,Drama
1578,Thriller
1579,Romance
1580,Mystery
1581,Film-Noir
1582,Drama
1583,Drama
1584,Documentary
1585,Action Crime Drama
1586,Western
1587,Comedy Drama
1588,Comedy
1589,Drama
1590,Drama
1591,Drama
1592,Comedy
1593,Documentary
1594,Action Thriller
1595,Action Sci-Fi Thriller
1596,Action Drama
1597,Crime Thriller
1598,Drama
1599,Comedy
1600,Thriller
1601,Drama
1602,Drama
1603,Crime Film-Noir Thriller
1604,Comedy
1605,Crime
1606,Drama
1607,Adventure Children's Drama
1608,Comedy
1609,Action Crime Romance
1610,Comedy
1611,Romance
1612,Action Drama
1613,Comedy Drama
1614,Action Adventure Children's Fantasy
1615,Drama
1616,Romance
1617,Action Crime
1618,Drama
1619,Comedy
1620,Thriller
1621,Comedy
1622,Drama
1623,Thriller
1624,Horror Thriller
1625,Comedy Drama
1626,Comedy Drama
1627,Drama
1628,Documentary
1629,Drama
1630,Comedy Drama
1631,War
1632,Comedy Drama
1633,Drama
1634,Drama
1635,Drama
1636,Drama
1637,Crime Drama
1638,Drama
1639,Drama
1640,Documentary
1641,Drama
1642,Drama
1643,Comedy
1644,Drama
1645,Action Drama
1646,Comedy Crime Drama
1647,Drama
1648,Comedy Documentary
1649,Drama
1650,Drama Thriller
1651,Romance
1652,Drama
1653,Comedy
1654,Comedy Romance
1655,Comedy Romance
1656,Action Drama
1657,Drama
1658,Comedy
1659,Drama
1660,Drama
1661,Drama Romance
1662,Drama War
1663,Comedy
1664,Drama
1665,Drama
1666,Drama
1667,Comedy
1668,Crime Drama Mystery
1669,Comedy Thriller
1670,Drama
1671,Drama
1672,Action Thriller
1673,Drama
1674,Drama
1675,Drama
1676,Drama
1677,Drama
1678,Romance Thriller
1679,Drama Romance
1680,Comedy
1681,Drama
